book_id,title,category,price_gbp,rating,available_quantity
1000,A Light in the Attic,Poetry,51.77,3,22
999,Tipping the Velvet,Historical Fiction,53.74,1,20
998,Soumission,Fiction,50.10,1,20
997,Sharp Objects,Mystery,47.82,4,20
996,Sapiens: A Brief History of Humankind,History,54.23,5,20
995,The Requiem Red,Young Adult,22.65,1,19
994,The Dirty Little Secrets of Getting Your Dream Job,Business,33.34,4,19
993,"The Coming Woman: A Novel Based on the Life of the Infamous Feminist, Victoria Woodhull",Default,17.93,3,19
992,The Boys in the Boat: Nine Americans and Their Epic Quest for Gold at the 1936 Berlin Olympics,Default,22.60,4,19
991,The Black Maria,Poetry,52.15,1,19
990,"Starving Hearts (Triangular Trade Trilogy, #1)",Default,13.99,2,19
989,Shakespeare's Sonnets,Poetry,20.66,4,19
988,Set Me Free,Young Adult,17.46,5,19
987,Scott Pilgrim's Precious Little Life (Scott Pilgrim #1),Sequential Art,52.29,5,19
986,Rip it Up and Start Again,Music,35.02,5,19
985,"Our Band Could Be Your Life: Scenes from the American Indie Underground, 1981-1991",Music,57.25,3,19
984,Olio,Poetry,23.88,1,19
983,Mesaerion: The Best Science Fiction Stories 1800-1849,Science Fiction,37.59,1,19
982,Libertarianism for Beginners,Politics,51.33,2,19
981,It's Only the Himalayas,Travel,45.17,2,19
980,In Her Wake,Thriller,12.84,1,19
979,How Music Works,Music,37.32,2,19
978,"Foolproof Preserving: A Guide to Small Batch Jams, Jellies, Pickles, Condiments, and More: A Foolproof Guide to Making Small Batch Jams, Jellies, Pickles, Condiments, and More",Food and Drink,30.52,3,19
977,Chase Me (Paris Nights #2),Romance,25.27,5,19
976,Black Dust,Romance,34.53,5,19
975,Birdsong: A Story in Pictures,Childrens,54.64,3,19
974,America's Cradle of Quarterbacks: Western Pennsylvania's Football Factory from Johnny Unitas to Joe Montana,Default,22.50,3,19
973,Aladdin and His Wonderful Lamp,Default,53.13,3,19
972,Worlds Elsewhere: Journeys Around Shakespeare’s Globe,Nonfiction,40.30,5,18
971,Wall and Piece,Art,44.18,4,18
970,The Four Agreements: A Practical Guide to Personal Freedom,Spirituality,17.66,5,18
969,The Five Love Languages: How to Express Heartfelt Commitment to Your Mate,Nonfiction,31.05,3,18
968,The Elephant Tree,Thriller,23.82,5,18
967,The Bear and the Piano,Childrens,36.89,1,18
966,Sophie's World,Philosophy,15.94,5,18
965,Penny Maybe,Default,33.29,3,18
964,Maude (1883-1993):She Grew Up with the country,Default,18.02,2,18
963,"In a Dark, Dark Wood",Mystery,19.63,1,18
962,Behind Closed Doors,Thriller,52.22,4,18
961,You can't bury them all: Poems,Poetry,33.63,2,17
960,Slow States of Collapse: Poems,Poetry,57.31,3,17
959,Reasons to Stay Alive,Nonfiction,26.41,2,17
958,Private Paris (Private #10),Fiction,47.61,5,17
957,#HigherSelfie: Wake Up Your Life. Free Your Soul. Find Your Tribe.,Nonfiction,23.11,5,17
956,Without Borders (Wanderlove #1),New Adult,45.07,2,16
955,When We Collided,Contemporary,31.77,1,16
954,"We Love You, Charlie Freeman",Fiction,50.27,5,16
953,Untitled Collection: Sabbath Poems 2014,Poetry,14.27,4,16
952,"Unseen City: The Majesty of Pigeons, the Discreet Charm of Snails & Other Wonders of the Urban Wilderness",Nonfiction,44.18,4,16
951,Unicorn Tracks,Fantasy,18.78,3,16
950,"Unbound: How Eight Technologies Made Us Human, Transformed Society, and Brought Our World to the Brink",History,25.52,1,16
949,Tsubasa: WoRLD CHRoNiCLE 2 (Tsubasa WoRLD CHRoNiCLE #2),Sequential Art,16.28,1,16
948,Throwing Rocks at the Google Bus: How Growth Became the Enemy of Prosperity,Nonfiction,31.12,3,16
947,This One Summer,Sequential Art,19.49,4,16
946,Thirst,Fiction,17.27,5,16
945,The Torch Is Passed: A Harding Family Story,Add a comment,19.09,1,16
944,The Secret of Dreadwillow Carse,Childrens,56.13,1,16
943,"The Pioneer Woman Cooks: Dinnertime: Comfort Classics, Freezer Food, 16-Minute Meals, and Other Delicious Ways to Solve Supper!",Food and Drink,56.41,1,16
942,The Past Never Ends,Mystery,56.50,4,16
941,The Natural History of Us (The Fine Art of Pretending #2),Young Adult,45.22,3,16
940,The Nameless City (The Nameless City #1),Sequential Art,38.16,4,16
939,The Murder That Never Was (Forensic Instincts #5),Fiction,54.11,3,16
938,The Most Perfect Thing: Inside (and Outside) a Bird's Egg,Science,42.96,4,16
937,"The Mindfulness and Acceptance Workbook for Anxiety: A Guide to Breaking Free from Anxiety, Phobias, and Worry Using Acceptance and Commitment Therapy",Add a comment,23.89,4,16
936,The Life-Changing Magic of Tidying Up: The Japanese Art of Decluttering and Organizing,Nonfiction,16.77,3,16
935,"The Inefficiency Assassin: Time Management Tactics for Working Smarter, Not Longer",Default,20.59,5,16
934,The Gutsy Girl: Escapades for Your Life of Epic Adventure,Nonfiction,37.13,1,16
933,The Electric Pencil: Drawings from Inside State Hospital No. 3,Nonfiction,56.06,1,16
932,The Death of Humanity: and the Case for Life,Philosophy,58.11,4,16
931,"The Bulletproof Diet: Lose up to a Pound a Day, Reclaim Energy and Focus, Upgrade Your Life",Health,49.05,3,16
930,The Art Forger,Add a comment,40.76,3,16
929,The Age of Genius: The Seventeenth Century and the Birth of the Modern Mind,History,19.73,1,16
928,The Activist's Tao Te Ching: Ancient Advice for a Modern Revolution,Spirituality,32.24,5,16
927,Spark Joy: An Illustrated Master Class on the Art of Organizing and Tidying Up,Nonfiction,41.83,4,16
926,Soul Reader,Default,39.58,2,16
925,Security,Horror,39.25,2,16
924,"Saga, Volume 6 (Saga (Collected Editions) #6)",Fantasy,25.02,3,16
923,"Saga, Volume 5 (Saga (Collected Editions) #5)",Sequential Art,51.04,2,16
922,Reskilling America: Learning to Labor in the Twenty-First Century,Nonfiction,19.83,2,16
921,"Rat Queens, Vol. 3: Demons (Rat Queens (Collected Editions) #11-15)",Sequential Art,50.40,3,16
920,"Princess Jellyfish 2-in-1 Omnibus, Vol. 01 (Princess Jellyfish 2-in-1 Omnibus #1)",Sequential Art,13.61,5,16
919,Princess Between Worlds (Wide-Awake Princess #5),Fantasy,13.34,5,16
918,"Pop Gun War, Volume 1: Gift",Sequential Art,18.97,1,16
917,"Political Suicide: Missteps, Peccadilloes, Bad Calls, Backroom Hijinx, Sordid Pasts, Rotten Breaks, and Just Plain Dumb Mistakes in the Annals of American Politics",History,36.28,2,16
916,Patience,Sequential Art,10.16,3,16
915,"Outcast, Vol. 1: A Darkness Surrounds Him (Outcast #1)",Sequential Art,15.44,4,16
914,orange: The Complete Collection 1 (orange: The Complete Collection #1),Sequential Art,48.41,1,16
913,Online Marketing for Busy Authors: A Step-By-Step Guide,Self Help,46.35,1,16
912,On a Midnight Clear,Add a comment,14.07,3,16
911,Obsidian (Lux #1),Young Adult,14.86,2,16
910,My Paris Kitchen: Recipes and Stories,Food and Drink,33.37,2,16
909,Masks and Shadows,Fantasy,56.40,2,16
908,"Mama Tried: Traditional Italian Cooking for the Screwed, Crude, Vegan, and Tattooed",Food and Drink,14.02,4,16
907,"Lumberjanes, Vol. 2: Friendship to the Max (Lumberjanes #5-8)",Sequential Art,46.91,2,16
906,"Lumberjanes, Vol. 1: Beware the Kitten Holy (Lumberjanes #1-4)",Sequential Art,45.61,3,16
905,Lumberjanes Vol. 3: A Terrible Plan (Lumberjanes #9-12),Sequential Art,19.92,2,16
904,"Layered: Baking, Building, and Styling Spectacular Cakes",Food and Drink,40.11,1,16
903,Judo: Seven Steps to Black Belt (an Introductory Guide for Beginners),Add a comment,53.90,2,16
902,Join,Science Fiction,35.67,5,16
901,In the Country We Love: My Family Divided,Nonfiction,22.00,4,16
900,Immunity: How Elie Metchnikoff Changed the Course of Modern Medicine,Science,57.36,5,16
899,"I Hate Fairyland, Vol. 1: Madly Ever After (I Hate Fairyland (Compilations) #1-5)",Sequential Art,29.17,2,16
898,I am a Hero Omnibus Volume 1,Sequential Art,54.63,3,16
897,How to Be Miserable: 40 Strategies You Already Use,Self Help,46.03,1,16
896,Her Backup Boyfriend (The Sorensen Family #1),Romance,33.97,1,16
895,"Giant Days, Vol. 2 (Giant Days #5-8)",Sequential Art,22.11,2,16
894,Forever and Forever: The Courtship of Henry Longfellow and Fanny Appleton,Historical Fiction,29.69,3,16
893,First and First (Five Boroughs #3),Romance,15.97,4,16
892,Fifty Shades Darker (Fifty Shades #2),Romance,21.96,1,16
891,Everydata: The Misinformation Hidden in the Little Data You Consume Every Day,Nonfiction,54.35,2,16
890,"Don't Be a Jerk: And Other Practical Advice from Dogen, Japan's Greatest Zen Master",Religion,37.97,2,16
889,Danganronpa Volume 1,Sequential Art,51.99,4,16
888,Crown of Midnight (Throne of Glass #2),Fantasy,43.29,3,16
887,"Codename Baboushka, Volume 1: The Conclave of Death",Sequential Art,36.72,4,16
886,Camp Midnight,Sequential Art,17.08,4,16
885,Call the Nurse: True Stories of a Country Nurse on a Scottish Isle,Nonfiction,29.14,5,16
884,Burning,Young Adult,28.81,3,16
883,Bossypants,Default,49.46,2,16
882,"Bitch Planet, Vol. 1: Extraordinary Machine (Bitch Planet (Collected Editions))",Sequential Art,37.92,2,16
881,"Avatar: The Last Airbender: Smoke and Shadow, Part 3 (Smoke and Shadow #3)",Fantasy,28.09,2,16
880,Algorithms to Live By: The Computer Science of Human Decisions,Nonfiction,30.81,1,16
879,A World of Flavor: Your Gluten Free Passport,Default,42.95,1,16
878,"A Piece of Sky, a Grain of Rice: A Memoir in Four Meditations",Default,56.76,5,16
877,A Murder in Time,Mystery,16.64,1,16
876,A Flight of Arrows (The Pathfinders #2),Historical Fiction,55.53,5,16
875,A Fierce and Subtle Poison,Young Adult,28.13,4,16
874,A Court of Thorns and Roses (A Court of Thorns and Roses #1),Fantasy,52.37,1,16
873,(Un)Qualified: How God Uses Broken People to Do Big Things,Christian,54.00,5,16
872,You Are What You Love: The Spiritual Power of Habit,Religion,21.87,4,15
871,"William Shakespeare's Star Wars: Verily, A New Hope (William Shakespeare's Star Wars #4)",Science Fiction,43.30,4,15
870,Tuesday Nights in 1980,Fiction,21.04,2,15
869,Tracing Numbers on a Train,Default,41.60,3,15
868,Throne of Glass (Throne of Glass #1),Fantasy,35.07,3,15
867,Thomas Jefferson and the Tripoli Pirates: The Forgotten War That Changed American History,History,59.64,1,15
866,Thirteen Reasons Why,Default,52.72,1,15
865,The White Cat and the Monk: A Retelling of the Poem “Pangur Bán”,Childrens,58.08,4,15
864,The Wedding Dress,Romance,24.12,1,15
863,The Vacationers,Fiction,42.15,4,15
862,The Third Wave: An Entrepreneur’s Vision of the Future,Business,12.61,5,15
861,The Stranger,Philosophy,17.44,4,15
860,The Shadow Hero (The Shadow Hero),Sequential Art,33.14,1,15
859,The Secret (The Secret #1),Default,27.37,4,15
858,The Regional Office Is Under Attack!,Fiction,51.36,5,15
857,The Psychopath Test: A Journey Through the Madness Industry,Default,36.00,2,15
856,The Project,Science Fiction,10.65,1,15
855,The Power of Now: A Guide to Spiritual Enlightenment,Nonfiction,43.54,2,15
854,The Omnivore's Dilemma: A Natural History of Four Meals,Nonfiction,38.21,2,15
853,The Nerdy Nummies Cookbook: Sweet Treats for the Geek in All of Us,Food and Drink,37.34,5,15
852,The Murder of Roger Ackroyd (Hercule Poirot #4),Mystery,44.10,4,15
851,The Mistake (Off-Campus #2),New Adult,43.29,3,15
850,The Matchmaker's Playbook (Wingmen Inc. #1),New Adult,55.85,1,15
849,The Love and Lemons Cookbook: An Apple-to-Zucchini Celebration of Impromptu Cooking,Food and Drink,37.60,2,15
848,The Long Shadow of Small Ghosts: Murder and Memory in an American City,Crime,10.97,1,15
847,The Kite Runner,Default,41.82,4,15
846,The House by the Lake,Historical Fiction,36.95,1,15
845,The Glittering Court (The Glittering Court #1),Fantasy,44.28,1,15
844,The Girl on the Train,Default,55.02,2,15
843,The Genius of Birds,Nonfiction,17.24,1,15
842,The Emerald Mystery,Default,23.15,2,15
841,The Cookies & Cups Cookbook: 125+ sweet & savory recipes reminding you to Always Eat Dessert First,Food and Drink,41.25,1,15
840,The Bridge to Consciousness: I'm Writing the Bridge Between Science and Our Old and New Beliefs.,Default,32.00,3,15
839,The Artist's Way: A Spiritual Path to Higher Creativity,Nonfiction,38.49,5,15
838,The Art of War,Default,33.34,5,15
837,The Argonauts,Autobiography,10.93,2,15
836,The 10% Entrepreneur: Live Your Startup Dream Without Quitting Your Day Job,Business,27.55,3,15
835,Suddenly in Love (Lake Haven #1),Romance,55.99,2,15
834,Something More Than This,Romance,16.24,4,15
833,Soft Apocalypse,Science Fiction,26.12,2,15
832,So You've Been Publicly Shamed,Nonfiction,12.23,2,15
831,Shoe Dog: A Memoir by the Creator of NIKE,Business,23.99,2,15
830,"Shobu Samurai, Project Aryoku (#3)",Add a comment,29.06,3,15
829,Secrets and Lace (Fatal Hearts #1),Default,20.27,1,15
828,Scarlett Epstein Hates It Here,Young Adult,43.55,5,15
827,Romero and Juliet: A Tragic Tale of Love and Zombies,Default,36.94,1,15
826,Redeeming Love,Christian Fiction,20.47,5,15
825,Poses for Artists Volume 1 - Dynamic and Sitting Poses: An Essential Reference for Figure Drawing and the Human Form,Default,41.06,1,15
824,Poems That Make Grown Women Cry,Poetry,14.19,4,15
823,"Nightingale, Sing",Young Adult,38.28,1,15
822,Night Sky with Exit Wounds,Poetry,41.05,1,15
821,Mrs. Houdini,Historical Fiction,30.25,5,15
820,Modern Romance,Add a comment,28.26,5,15
819,Miss Peregrine’s Home for Peculiar Children (Miss Peregrine’s Peculiar Children #1),Default,10.76,1,15
818,Louisa: The Extraordinary Life of Mrs. Adams,Biography,16.85,2,15
817,Little Red,Childrens,13.47,3,15
816,Library of Souls (Miss Peregrine’s Peculiar Children #3),Young Adult,48.56,5,15
815,Large Print Heart of the Pride,Default,19.15,2,15
814,I Had a Nice Time And Other Lies...: How to find love & sh*t like that,Womens Fiction,57.36,4,15
813,Hollow City (Miss Peregrine’s Peculiar Children #2),Fantasy,42.98,1,15
812,Grumbles,Default,22.16,2,15
811,Full Moon over Noah’s Ark: An Odyssey to Mount Ararat and Beyond,Travel,49.43,4,15
810,Frostbite (Vampire Academy #2),Young Adult,29.99,5,15
809,Follow You Home,Horror,21.36,1,15
808,First Steps for New Christians (Print Edition),Default,29.00,1,15
807,Finders Keepers (Bill Hodges Trilogy #2),Fiction,53.53,5,15
806,"Fables, Vol. 1: Legends in Exile (Fables #1)",Sequential Art,41.62,4,15
805,Eureka Trivia 6.0,Default,54.59,4,15
804,Drive: The Surprising Truth About What Motivates Us,Default,34.95,4,15
803,Done Rubbed Out (Reightman & Bailey #1),Default,37.72,5,15
802,Doing It Over (Most Likely To #1),Romance,35.61,3,15
801,"Deliciously Ella Every Day: Quick and Easy Recipes for Gluten-Free Snacks, Packed Lunches, and Simple Meals",Food and Drink,42.16,3,15
800,Dark Notes,Erotica,19.19,5,15
799,"Daring Greatly: How the Courage to Be Vulnerable Transforms the Way We Live, Love, Parent, and Lead",Nonfiction,19.43,3,15
798,Close to You,Christian Fiction,49.46,4,15
797,Chasing Heaven: What Dying Taught Me About Living,Spirituality,37.80,2,15
796,Big Magic: Creative Living Beyond Fear,Nonfiction,30.80,3,15
795,Becoming Wise: An Inquiry into the Mystery and Art of Living,Nonfiction,27.43,2,15
794,Beauty Restored (Riley Family Legacy Novellas #3),Default,11.11,2,15
793,Batman: The Long Halloween (Batman),Sequential Art,36.50,2,15
792,Batman: The Dark Knight Returns (Batman),Sequential Art,15.38,5,15
791,Ayumi's Violin,Default,15.48,2,15
790,Anonymous,Default,46.82,4,15
789,Amy Meets the Saints and Sages,Default,18.46,3,15
788,Amid the Chaos,Cultural,36.58,1,15
787,Amatus,Default,50.54,5,15
786,Agnostic: A Spirited Manifesto,Nonfiction,12.51,5,15
785,Zealot: The Life and Times of Jesus of Nazareth,History,24.70,3,14
784,You (You #1),Thriller,43.61,5,14
783,"Wonder Woman: Earth One, Volume One (Wonder Woman: Earth One #1)",Sequential Art,37.34,4,14
782,Wild Swans,Young Adult,14.36,2,14
781,Why the Right Went Wrong: Conservatism--From Goldwater to the Tea Party and Beyond,Politics,52.65,4,14
780,Whole Lotta Creativity Going On: 60 Fun and Unusual Exercises to Awaken and Strengthen Your Creativity,Nonfiction,38.20,4,14
779,What's It Like in Space?: Stories from Astronauts Who've Been There,Nonfiction,19.60,2,14
778,"We Are Robin, Vol. 1: The Vigilante Business (We Are Robin #1)",Sequential Art,53.90,1,14
777,Walt Disney's Alice in Wonderland,Childrens,12.96,5,14
776,V for Vendetta (V for Vendetta Complete),Default,37.10,4,14
775,Until Friday Night (The Field Party #1),Young Adult,46.31,2,14
774,"Unbroken: A World War II Story of Survival, Resilience, and Redemption",Default,45.95,2,14
773,Twenty Yawns,Childrens,22.08,2,14
772,Through the Woods,Sequential Art,25.38,2,14
771,This Is Where It Ends,Young Adult,27.12,2,14
770,The Year of Magical Thinking,Nonfiction,43.04,2,14
769,The Wright Brothers,Default,56.80,4,14
768,The White Queen (The Cousins' War #1),Add a comment,25.91,5,14
767,The Wedding Pact (The O'Malleys #2),Romance,32.61,3,14
766,The Time Keeper,Fiction,27.88,5,14
765,The Testament of Mary,Fiction,52.67,4,14
764,The Star-Touched Queen,Fantasy,46.02,5,14
763,The Songs of the Gods,Default,44.48,5,14
762,The Song of Achilles,Add a comment,37.40,5,14
761,The Rosie Project (Don Tillman #1),Default,54.04,1,14
760,The Power of Habit: Why We Do What We Do in Life and Business,Default,16.88,3,14
759,The Marriage of Opposites,Historical Fiction,28.08,4,14
758,The Lucifer Effect: Understanding How Good People Turn Evil,Psychology,10.40,1,14
757,The Long Haul (Diary of a Wimpy Kid #9),Humor,44.07,1,14
756,The Loney,Horror,23.40,1,14
755,The Literature Book (Big Ideas Simply Explained),Nonfiction,17.43,3,14
754,The Last Mile (Amos Decker #2),Mystery,54.21,2,14
753,The Immortal Life of Henrietta Lacks,Add a comment,40.67,2,14
752,The Hidden Oracle (The Trials of Apollo #1),Fantasy,52.26,2,14
751,The Help Yourself Cookbook for Kids: 60 Easy Plant-Based Recipes Kids Can Make to Stay Healthy and Save the Earth,Food and Drink,28.77,3,14
750,The Guilty (Will Robie #4),Thriller,13.82,2,14
749,The First Hostage (J.B. Collins #2),Fiction,25.85,3,14
748,The Dovekeepers,Add a comment,48.78,1,14
747,The Darkest Lie,Young Adult,35.35,5,14
746,The Bane Chronicles (The Bane Chronicles #1-11),Fantasy,44.73,4,14
745,The Bad-Ass Librarians of Timbuktu: And Their Race to Save the World’s Most Precious Manuscripts,Nonfiction,15.77,1,14
744,The 14th Colony (Cotton Malone #11),Thriller,39.24,1,14
743,That Darkness (Gardiner and Renner #1),Mystery,13.92,1,14
742,Tastes Like Fear (DI Marnie Rome #3),Mystery,10.69,1,14
741,Take Me with You,Fiction,45.21,3,14
740,Swell: A Year of Waves,Nonfiction,45.58,1,14
739,Superman Vol. 1: Before Truth (Superman by Gene Luen Yang #1),Sequential Art,11.89,5,14
738,Still Life with Bread Crumbs,Fiction,26.41,3,14
737,Steve Jobs,Default,39.50,5,14
736,Sorting the Beef from the Bull: The Science of Food Fraud Forensics,Science,44.74,4,14
735,Someone Like You (The Harrisons #2),Contemporary,52.79,5,14
734,"So Cute It Hurts!!, Vol. 6 (So Cute It Hurts!! #6)",Sequential Art,35.43,4,14
733,Shtum,Fiction,55.84,4,14
732,See America: A Celebration of Our National Parks & Treasured Sites,Travel,48.87,3,14
731,salt.,Poetry,46.78,4,14
730,Robin War,Sequential Art,47.82,3,14
729,"Red Hood/Arsenal, Vol. 1: Open for Business (Red Hood/Arsenal #1)",Sequential Art,25.48,2,14
728,Rain Fish,Childrens,23.57,3,14
727,"Quarter Life Poetry: Poems for the Young, Broke and Hangry",Poetry,50.89,5,14
726,Pet Sematary,Horror,10.56,3,14
725,"Overload: How to Unplug, Unwind, and Unleash Yourself from the Pressure of Stress",Self Help,52.15,3,14
724,Once Was a Time,Childrens,18.28,2,14
723,Old School (Diary of a Wimpy Kid #10),Humor,11.83,5,14
722,No Dream Is Too High: Life Lessons From a Man Who Walked on the Moon,Nonfiction,21.95,2,14
721,"Naruto (3-in-1 Edition), Vol. 14: Includes Vols. 40, 41 & 42 (Naruto: Omnibus #14)",Sequential Art,38.39,2,14
720,My Name Is Lucy Barton,Fiction,41.56,1,14
719,My Mrs. Brown,Fiction,24.48,3,14
718,My Kind of Crazy,Young Adult,40.36,1,14
717,Mr. Mercedes (Bill Hodges Trilogy #1),Fiction,28.90,1,14
716,More Than Music (Chasing the Dream #1),Add a comment,37.61,2,14
715,Made to Stick: Why Some Ideas Survive and Others Die,Business,38.85,5,14
714,Luis Paints the World,Childrens,53.95,3,14
713,Luckiest Girl Alive,Default,49.83,3,14
712,Lowriders to the Center of the Earth (Lowriders in Space #2),Sequential Art,51.51,2,14
711,Love Is a Mix Tape (Music #1),Music,18.03,1,14
710,Looking for Lovely: Collecting the Moments that Matter,Nonfiction,29.14,5,14
709,"Living Leadership by Insight: A Good Leader Achieves, a Great Leader Builds Monuments",Default,46.91,4,14
708,Let It Out: A Journey Through Journaling,Nonfiction,26.79,5,14
707,Lady Midnight (The Dark Artifices #1),Default,16.28,5,14
706,"It's All Easy: Healthy, Delicious Weeknight Meals in under 30 Minutes",Food and Drink,19.55,1,14
705,Island of Dragons (Unwanteds #7),Fantasy,29.65,1,14
704,I Know What I'm Doing -- and Other Lies I Tell Myself: Dispatches from a Life Under Construction,Humor,25.98,4,14
703,I Am Pilgrim (Pilgrim #1),Fiction,10.60,4,14
702,"Hyperbole and a Half: Unfortunate Situations, Flawed Coping Mechanisms, Mayhem, and Other Things That Happened",Humor,14.75,5,14
701,"Hush, Hush (Hush, Hush #1)",Default,47.02,3,14
700,Hold Your Breath (Search and Rescue #1),Romance,28.82,1,14
699,Hamilton: The Revolution,Nonfiction,58.79,3,14
698,Greek Mythic History,Default,10.23,5,14
697,God: The Most Unpleasant Character in All Fiction,Religion,30.03,5,14
696,Glory over Everything: Beyond The Kitchen House,Historical Fiction,45.84,3,14
695,Feathers: Displays of Brilliant Plumage,Art,49.05,3,14
694,"Far & Away: Places on the Brink of Change: Seven Continents, Twenty-Five Years",Nonfiction,15.06,4,14
693,Every Last Word,Default,46.47,3,14
692,Eligible (The Austen Project #4),Fiction,27.09,3,14
691,El Deafo,Sequential Art,57.62,5,14
690,Eight Hundred Grapes,Fiction,14.39,4,14
689,"Eaternity: More than 150 Deliciously Easy Vegan Recipes for a Long, Healthy, Satisfied, Joyful Life",Nonfiction,51.75,5,14
688,"Eat Fat, Get Thin",Health,54.07,2,14
687,Don't Get Caught,Young Adult,55.35,1,14
686,Doctor Sleep (The Shining #2),Horror,40.12,2,14
685,Demigods & Magicians: Percy and Annabeth Meet the Kanes (Percy Jackson & Kane Chronicles Crossover #1-3),Fantasy,37.51,5,14
684,Dear Mr. Knightley,Fiction,11.21,5,14
683,Daily Fantasy Sports,Default,36.58,1,14
682,Crazy Love: Overwhelmed by a Relentless God,Christian,47.72,2,14
681,Cometh the Hour (The Clifton Chronicles #6),Fiction,25.01,3,14
680,Code Name Verity (Code Name Verity #1),Add a comment,22.13,4,14
679,Clockwork Angel (The Infernal Devices #1),Default,44.14,1,14
678,City of Glass (The Mortal Instruments #3),Fantasy,56.02,4,14
677,City of Fallen Angels (The Mortal Instruments #4),Default,11.23,4,14
676,City of Bones (The Mortal Instruments #1),Default,43.28,1,14
675,City of Ashes (The Mortal Instruments #2),Default,47.27,1,14
674,Cell,Add a comment,20.29,4,14
673,Catching Jordan (Hundred Oaks),Young Adult,50.83,3,14
672,"Carry On, Warrior: Thoughts on Life Unarmed",Default,31.85,3,14
671,Carrie,Default,46.23,2,14
670,Buying In: The Secret Dialogue Between What We Buy and Who We Are,Nonfiction,37.80,4,14
669,Brain on Fire: My Month of Madness,Nonfiction,49.32,5,14
668,Batman: Europa,Sequential Art,32.01,2,14
667,Barefoot Contessa Back to Basics,Food and Drink,28.01,1,14
666,Barefoot Contessa at Home: Everyday Recipes You'll Make Over and Over Again,Food and Drink,50.62,5,14
665,Balloon Animals,Fiction,17.03,3,14
664,Art Ops Vol. 1,Sequential Art,48.80,3,14
663,Aristotle and Dante Discover the Secrets of the Universe (Aristotle and Dante Discover the Secrets of the Universe #1),Young Adult,58.14,4,14
662,Angels Walking (Angels Walking #1),Add a comment,34.20,2,14
661,Angels & Demons (Robert Langdon #1),Default,51.48,3,14
660,All the Light We Cannot See,Historical,29.87,5,14
659,"Adulthood Is a Myth: A ""Sarah's Scribbles"" Collection",Sequential Art,10.90,2,14
658,Abstract City,Nonfiction,56.37,5,14
657,A Time of Torment (Charlie Parker #14),Mystery,48.35,5,14
656,A Study in Scarlet (Sherlock Holmes #1),Mystery,16.73,2,14
655,"A Series of Catastrophes and Miracles: A True Story of Love, Science, and Cancer",Add a comment,56.48,2,14
654,A People's History of the United States,Add a comment,40.79,2,14
653,A Man Called Ove,Fiction,39.72,1,14
652,A Distant Mirror: The Calamitous 14th Century,History,14.58,3,14
651,A Brush of Wings (Angels Walking #3),Add a comment,55.51,1,14
650,1491: New Revelations of the Americas Before Columbus,History,21.80,3,14
649,"The Three Searches, Meaning, and the Story",Default,13.33,3,13
648,Searching for Meaning in Gailana,Fantasy,38.73,1,13
647,Rook,Add a comment,37.86,4,13
646,My Kitchen Year: 136 Recipes That Saved My Life,Food and Drink,11.53,2,13
645,13 Hours: The Inside Account of What Really Happened In Benghazi,Nonfiction,27.06,1,13
644,Will You Won't You Want Me?,Womens Fiction,13.86,3,12
643,Tipping Point for Planet Earth: How Close Are We to the Edge?,Science,37.55,1,12
642,The Star-Touched Queen,Fantasy,32.30,5,12
641,The Silent Sister (Riley MacPherson #1),Fiction,46.29,5,12
640,The Midnight Watch: A Novel of the Titanic and the Californian,Add a comment,26.20,1,12
639,The Lonely City: Adventures in the Art of Being Alone,Nonfiction,33.26,2,12
638,The Gray Rhino: How to Recognize and Act on the Obvious Dangers We Ignore,Add a comment,59.15,4,12
637,The Golden Condom: And Other Essays on Love Lost and Found,Psychology,39.43,1,12
636,The Epidemic (The Program 0.6),Young Adult,14.44,5,12
635,The Dinner Party,Fiction,56.54,2,12
634,The Diary of a Young Girl,Nonfiction,59.90,3,12
633,The Children,Add a comment,11.88,3,12
632,Stars Above (The Lunar Chronicles #4.5),Young Adult,48.05,2,12
631,Snatched: How A Drug Queen Went Undercover for the DEA and Was Kidnapped By Colombian Guerillas,Nonfiction,21.21,3,12
630,Raspberry Pi Electronics Projects for the Evil Genius,Default,49.67,4,12
629,Quench Your Own Thirst: Business Lessons Learned Over a Beer or Two,Business,43.14,1,12
628,Psycho: Sanitarium (Psycho #1.5),Horror,36.97,5,12
627,Poisonous (Max Revere Novels #3),Mystery,26.80,3,12
626,One with You (Crossfire #5),Add a comment,15.71,4,12
625,No Love Allowed (Dodge Cove #1),Young Adult,54.65,4,12
624,Murder at the 42nd Street Library (Raymond Ambler #1),Mystery,54.36,4,12
623,Most Wanted,Mystery,35.28,3,12
622,"Love, Lies and Spies",Historical Fiction,20.55,2,12
621,How to Speak Golf: An Illustrated Guide to Links Lingo,Default,58.32,5,12
620,Hide Away (Eve Duncan #20),Mystery,11.84,1,12
619,Furiously Happy: A Funny Book About Horrible Things,Nonfiction,41.46,4,12
618,Everyday Italian: 125 Simple and Delicious Recipes,Food and Drink,20.10,5,12
617,Equal Is Unfair: America's Misguided Fight Against Income Inequality,Politics,56.86,1,12
616,Eleanor & Park,Default,56.51,5,12
615,Dirty (Dive Bar #1),Romance,40.83,4,12
614,Can You Keep a Secret? (Fear Street Relaunch #4),Horror,48.64,1,12
613,Boar Island (Anna Pigeon #19),Mystery,59.48,3,12
612,A Paris Apartment,Historical Fiction,39.01,4,12
611,"A la Mode: 120 Recipes in 60 Pairings: Pies, Tarts, Cakes, Crisps, and More Topped with Ice Cream, Gelato, Frozen Custard, and More",Food and Drink,38.77,1,12
610,Troublemaker: Surviving Hollywood and Scientology,Default,48.39,2,11
609,The Widow,Mystery,27.26,2,11
608,"The Sleep Revolution: Transforming Your Life, One Night at a Time",Nonfiction,11.68,4,11
607,The Improbability of Love,Fiction,59.45,1,11
606,The Art of Startup Fundraising,Business,21.00,3,11
605,Take Me Home Tonight (Rock Star Romance #3),Romance,53.98,3,11
604,Sleeping Giants (Themis Files #1),Science Fiction,48.74,1,11
603,"Setting the World on Fire: The Brief, Astonishing Life of St. Catherine of Siena",Biography,21.15,2,11
602,Playing with Fire,Mystery,13.71,3,11
601,Off the Hook (Fishing for Trouble #1),Romance,47.67,3,11
600,Mothering Sunday,Fiction,13.34,2,11
599,"Mother, Can You Not?",Nonfiction,16.89,5,11
598,M Train,Autobiography,27.18,1,11
597,Lilac Girls,Historical Fiction,17.28,2,11
596,Lies and Other Acts of Love,Fiction,45.14,1,11
595,Lab Girl,Autobiography,40.85,1,11
594,Keep Me Posted,Womens Fiction,20.46,4,11
593,It Didn't Start with You: How Inherited Family Trauma Shapes Who We Are and How to End the Cycle,Psychology,56.27,3,11
592,Grey (Fifty Shades #4),Womens Fiction,48.49,4,11
591,"Exit, Pursued by a Bear",Young Adult,51.34,4,11
590,Daredevils,Fiction,16.34,3,11
589,Cravings: Recipes for What You Want to Eat,Food and Drink,20.50,3,11
588,Born for This: How to Find the Work You Were Meant to Do,Business,21.59,5,11
587,Arena,Science Fiction,21.36,4,11
586,Adultery,Default,20.88,5,11
585,A Mother's Reckoning: Living in the Aftermath of Tragedy,Nonfiction,19.53,3,11
584,A Gentleman's Position (Society of Gentlemen #3),Romance,14.75,5,11
583,11/22/63,Fiction,48.48,3,11
582,"10% Happier: How I Tamed the Voice in My Head, Reduced Stress Without Losing My Edge, and Found Self-Help That Actually Works",Nonfiction,24.57,2,10
581,10-Day Green Smoothie Cleanse: Lose Up to 15 Pounds in 10 Days!,Health,49.71,5,10
580,Without Shame,Add a comment,48.27,5,9
579,Watchmen,Add a comment,58.05,4,9
578,Unlimited Intuition Now,Default,58.87,4,9
577,Underlying Notes,Default,11.82,2,9
576,The Shack,Fiction,28.03,1,9
575,The New Brand You: Your New Image Makes the Sale for You,Default,44.05,5,9
574,"The Moosewood Cookbook: Recipes from Moosewood Restaurant, Ithaca, New York",Food and Drink,12.34,4,9
573,The Flowers Lied,Default,16.68,2,9
572,"The Fabric of the Cosmos: Space, Time, and the Texture of Reality",Science,55.91,1,9
571,The Book of Mormon,Religion,24.57,3,9
570,The Art and Science of Low Carbohydrate Living,Health,52.98,5,9
569,The Alien Club,Young Adult,54.40,1,9
568,Suzie Snowflake: One beautiful flake (a self-esteem story),Novels,54.81,5,9
567,Nap-a-Roo,Childrens,25.08,1,9
566,"NaNo What Now? Finding your editing process, revising your NaNoWriMo book and building a writing career through publishing and beyond",Default,10.41,4,9
565,Modern Day Fables,Default,47.44,2,9
564,If I Gave You God's Phone Number....: Searching for Spirituality in America,Spirituality,20.91,1,9
563,"Fruits Basket, Vol. 9 (Fruits Basket #9)",Sequential Art,33.95,4,9
562,Dress Your Family in Corduroy and Denim,Humor,43.68,3,9
561,Don't Forget Steven,Young Adult,33.23,1,9
560,Chernobyl 01:23:40: The Incredible True Story of the World's Worst Nuclear Disaster,Nonfiction,35.92,2,9
559,Art and Fear: Observations on the Perils (and Rewards) of Artmaking,Art,48.63,4,9
558,A Shard of Ice (The Black Symphony Saga #1),Fantasy,56.63,3,9
557,A Hero's Curse (The Unseen Chronicles #1),Add a comment,50.49,3,9
556,23 Degrees South: A Tropical Tale of Changing Whether...,Add a comment,35.79,2,9
555,"Zero to One: Notes on Startups, or How to Build the Future",Nonfiction,34.06,3,8
554,Why Not Me?,Nonfiction,17.76,1,8
553,When Breath Becomes Air,Nonfiction,39.36,2,8
552,Vagabonding: An Uncommon Guide to the Art of Long-Term World Travel,Travel,36.94,2,8
551,The Unlikely Pilgrimage of Harold Fry (Harold Fry #1),Default,43.62,5,8
550,The New Drawing on the Right Side of the Brain,Art,43.02,3,8
549,"The Midnight Assassin: Panic, Scandal, and the Hunt for America's First Serial Killer",Nonfiction,28.45,4,8
548,The Martian (The Martian #1),Default,41.39,2,8
547,The High Mountains of Portugal,Fiction,51.15,1,8
546,The Grownup,Short Stories,35.88,1,8
545,The E-Myth Revisited: Why Most Small Businesses Don't Work and What to Do About It,Business,36.91,1,8
544,South of Sunshine,Young Adult,28.93,1,8
543,Smarter Faster Better: The Secrets of Being Productive in Life and Business,Nonfiction,38.89,5,8
542,Silence in the Dark (Logan Point #4),Suspense,58.33,3,8
541,Shadows of the Past (Logan Point #1),Christian Fiction,39.67,5,8
540,Roller Girl,Sequential Art,14.10,5,8
539,Rising Strong,Nonfiction,21.82,3,8
538,Proofs of God: Classical Arguments from Tertullian to Barth,Philosophy,54.21,1,8
537,Please Kill Me: The Uncensored Oral History of Punk,Music,31.19,4,8
536,Out of Print: City Lights Spotlight No. 14,Poetry,53.64,5,8
535,My Life Next Door (My Life Next Door ),Young Adult,36.39,5,8
534,Miller's Valley,Fiction,58.54,2,8
533,Man's Search for Meaning,Nonfiction,29.48,3,8
532,"Love That Boy: What Two Presidents, Eight Road Trips, and My Son Taught Me About a Parent's Expectations",Nonfiction,25.06,2,8
531,Living Forward: A Proven Plan to Stop Drifting and Get the Life You Want,Nonfiction,12.55,3,8
530,Les Fleurs du Mal,Poetry,29.04,5,8
529,Left Behind (Left Behind #1),Default,40.72,2,8
528,Kill 'Em and Leave: Searching for James Brown and the American Soul,Music,45.05,5,8
527,Kierkegaard: A Christian Missionary to Christians,Philosophy,47.13,1,8
526,John Vassos: Industrial Design for Modern Life,Default,20.22,4,8
525,I'll Give You the Sun,Default,56.48,1,8
524,I Will Find You,Nonfiction,44.21,1,8
523,Hystopia: A Novel,Fiction,21.96,4,8
522,Howl and Other Poems,Poetry,40.45,2,8
521,History of Beauty,Art,10.29,4,8
520,Heaven is for Real: A Little Boy's Astounding Story of His Trip to Heaven and Back,Default,52.86,2,8
519,Future Shock (Future Shock #1),Young Adult,55.65,5,8
518,Ender's Game (The Ender Quintet #1),Default,43.64,1,8
517,Diary of a Citizen Scientist: Chasing Tiger Beetles and Other New Ways of Engaging the World,Science,28.41,1,8
516,Death by Leisure: A Cautionary Tale,Default,37.51,4,8
515,Brilliant Beacons: A History of the American Lighthouse,History,11.45,3,8
514,Brazen: The Courage to Find the You That's Been Hiding,Nonfiction,19.22,2,8
513,Between the World and Me,Nonfiction,56.91,4,8
512,Being Mortal: Medicine and What Matters in the End,Nonfiction,55.06,4,8
511,"A Murder Over a Girl: Justice, Gender, Junior High",Nonfiction,13.20,3,8
510,32 Yolks,Food and Drink,53.63,2,8
509,"""Most Blessed of the Patriarchs"": Thomas Jefferson and the Empire of the Imagination",History,44.48,5,8
508,You Are a Badass: How to Stop Doubting Your Greatness and Start Living an Awesome Life,Self Help,12.08,3,7
507,Wildlife of New York: A Five-Borough Coloring Book,Default,22.14,2,7
506,What Happened on Beale Street (Secrets of the South Mysteries #2),Mystery,25.37,5,7
505,Unreasonable Hope: Finding Faith in the God Who Brings Purpose to Your Pain,Spirituality,46.33,2,7
504,Under the Tuscan Sun,Travel,37.33,3,7
503,Toddlers Are A**holes: It's Not Your Fault,Humor,25.55,1,7
502,The Year of Living Biblically: One Man's Humble Quest to Follow the Bible as Literally as Possible,Default,34.72,1,7
501,The Whale,Childrens,35.96,4,7
500,The Story of Art,Art,41.14,4,7
499,The Origin of Species,Science,10.01,4,7
498,The Great Gatsby,Default,36.05,4,7
497,The Good Girl,Default,49.03,3,7
496,The Glass Castle,Add a comment,16.24,1,7
495,The Faith of Christopher Hitchens: The Restless Soul of the World's Most Notorious Atheist,Biography,39.55,1,7
494,The Drowning Girls,Add a comment,35.67,3,7
493,The Constant Princess (The Tudor Court #1),Historical Fiction,16.62,3,7
492,The Bourne Identity (Jason Bourne #1),Fiction,42.78,4,7
491,The Bachelor Girl's Guide to Murder (Herringford and Watts Mysteries #1),Mystery,52.30,5,7
490,The Art Book,Art,32.34,2,7
489,The 7 Habits of Highly Effective People: Powerful Lessons in Personal Change,Default,33.17,4,7
488,Team of Rivals: The Political Genius of Abraham Lincoln,Add a comment,20.12,5,7
487,Steal Like an Artist: 10 Things Nobody Told You About Being Creative,Default,20.90,2,7
486,"Sit, Stay, Love",Romance,20.90,3,7
485,Sister Dear,Fiction,40.20,4,7
484,"Shrunken Treasures: Literary Classics, Short, Sweet, and Silly",Childrens,52.87,3,7
483,"Rich Dad, Poor Dad",Business,51.74,1,7
482,Raymie Nightingale,Childrens,34.41,2,7
481,Playing from the Heart,Childrens,32.38,1,7
480,Nightstruck: A Novel,Young Adult,50.35,4,7
479,"Naturally Lean: 125 Nourishing Gluten-Free, Plant-Based Recipes--All Under 300 Calories",Food and Drink,11.38,5,7
478,Meternity,Womens Fiction,43.58,3,7
477,Memoirs of a Geisha,Fiction,49.67,3,7
476,Like Never Before (Walker Family #2),Christian Fiction,28.77,2,7
475,Life of Pi,Default,13.22,4,7
474,Leave This Song Behind: Teen Poetry at Its Best,Poetry,51.17,5,7
473,King's Folly (The Kinsman Chronicles #1),Fantasy,39.61,5,7
472,John Adams,Add a comment,57.43,4,7
471,How to Cook Everything Vegetarian: Simple Meatless Recipes for Great Food (How to Cook Everything),Food and Drink,46.01,4,7
470,How to Be a Domestic Goddess: Baking and the Art of Comfort Cooking,Food and Drink,28.25,2,7
469,Good in Bed (Cannie Shapiro #1),Add a comment,37.05,5,7
468,"Fruits Basket, Vol. 7 (Fruits Basket #7)",Sequential Art,19.57,1,7
467,For the Love: Fighting for Grace in a World of Impossible Standards,Nonfiction,45.13,3,7
466,Finding God in the Ruins: How God Redeems Pain,Nonfiction,46.64,2,7
465,Every Heart a Doorway (Every Heart A Doorway #1),Fantasy,12.16,5,7
464,Delivering the Truth (Quaker Midwife Mystery #1),Mystery,20.89,4,7
463,Counted With the Stars (Out from Egypt #1),Christian Fiction,17.97,5,7
462,"Chronicles, Vol. 1",Music,52.60,2,7
461,Blue Like Jazz: Nonreligious Thoughts on Christian Spirituality,Christian,25.77,1,7
460,Benjamin Franklin: An American Life,Biography,48.19,3,7
459,"At The Existentialist Café: Freedom, Being, and apricot cocktails with: Jean-Paul Sartre, Simone de Beauvoir, Albert Camus, Martin Heidegger, Edmund Husserl, Karl Jaspers, Maurice Merleau-Ponty and others",Philosophy,29.93,5,7
458,A Summer In Europe,Travel,44.34,2,7
457,A Short History of Nearly Everything,History,52.40,5,7
456,A Gathering of Shadows (Shades of Magic #2),Fantasy,44.81,4,7
455,The Sound Of Love,Default,57.84,5,6
454,The Rise and Fall of the Third Reich: A History of Nazi Germany,History,39.67,2,6
453,The Perks of Being a Wallflower,Default,55.02,3,6
452,The Mysterious Affair at Styles (Hercule Poirot #1),Mystery,24.80,4,6
451,The Man Who Mistook His Wife for a Hat and Other Clinical Tales,Nonfiction,59.45,4,6
450,The Makings of a Fatherless Child,Default,31.58,2,6
449,The Joy of Cooking,Add a comment,43.27,4,6
448,The Invention of Wings,Historical Fiction,37.34,1,6
447,The Hobbit (Middle-Earth Universe),Default,17.80,5,6
446,The Great Railway Bazaar,Travel,30.54,1,6
445,The Golden Compass (His Dark Materials #1),Add a comment,18.77,1,6
444,The God Delusion,Add a comment,46.85,3,6
443,The Girl You Left Behind (The Girl You Left Behind #1),Historical,15.79,1,6
442,The Fellowship of the Ring (The Lord of the Rings #1),Default,10.27,2,6
441,The Collected Poems of W.B. Yeats (The Collected Works of W.B. Yeats #1),Poetry,15.42,5,6
440,The Barefoot Contessa Cookbook,Food and Drink,59.92,5,6
439,Tell the Wolves I'm Home,Young Adult,50.96,2,6
438,Ship Leaves Harbor: Essays on Travel by a Recovering Journeyman,Default,30.60,3,6
437,Pride and Prejudice,Add a comment,19.27,4,6
436,Musicophilia: Tales of Music and the Brain,Default,46.58,1,6
435,Mere Christianity,Add a comment,48.51,3,6
434,Me Before You (Me Before You #1),Fiction,19.02,1,6
433,In the Woods (Dublin Murder Squad #1),Mystery,38.38,2,6
432,In Cold Blood,Nonfiction,49.98,4,6
431,How to Stop Worrying and Start Living,Self Help,46.49,5,6
430,Give It Back,Thriller,18.32,2,6
429,"Girl, Interrupted",Nonfiction,42.14,3,6
428,Fun Home: A Family Tragicomic,Add a comment,56.59,4,6
427,"Fruits Basket, Vol. 6 (Fruits Basket #6)",Sequential Art,20.96,4,6
426,Deception Point,Fiction,40.32,4,6
425,"Death Note, Vol. 6: Give-and-Take (Death Note #6)",Sequential Art,36.39,3,6
424,Catherine the Great: Portrait of a Woman,History,58.55,4,6
423,Better Homes and Gardens New Cook Book,Food and Drink,39.61,3,6
422,An Unquiet Mind: A Memoir of Moods and Madness,Psychology,21.30,3,6
421,A Year in Provence (Provence #1),Travel,56.88,4,6
420,World Without End (The Pillars of the Earth #2),Historical Fiction,32.97,4,5
419,"Will Grayson, Will Grayson (Will Grayson, Will Grayson)",Young Adult,47.31,4,5
418,Why Save the Bankers?: And Other Essays on Our Economic and Political Crisis,Nonfiction,48.67,2,5
417,Where She Went (If I Stay #2),Young Adult,41.73,4,5
416,What If?: Serious Scientific Answers to Absurd Hypothetical Questions,Default,53.68,4,5
415,Two Summers,Young Adult,14.64,1,5
414,This Is Your Brain on Music: The Science of a Human Obsession,Music,38.40,1,5
413,The Secret Garden,Classics,15.08,4,5
412,The Raven King (The Raven Cycle #4),Add a comment,30.57,2,5
411,The Raven Boys (The Raven Cycle #1),Fantasy,57.74,4,5
410,The Power Greens Cookbook: 140 Delicious Superfood Recipes,Food and Drink,11.05,5,5
409,The Metamorphosis,Classics,28.58,1,5
408,The Mathews Men: Seven Brothers and the War Against Hitler's U-boats,History,42.91,5,5
407,The Little Paris Bookshop,Fiction,24.73,3,5
406,The Hiding Place,History,55.91,4,5
405,The Grand Design,Science,13.76,3,5
404,The Firm,Fiction,45.56,3,5
403,The Fault in Our Stars,Default,47.22,1,5
402,The False Prince (The Ascendance Trilogy #1),Fantasy,56.00,5,5
401,The Expatriates,Fiction,44.58,2,5
400,The Dream Thieves (The Raven Cycle #2),Default,34.50,1,5
399,The Darkest Corners,Young Adult,11.33,5,5
398,The Crossover,Poetry,38.77,4,5
397,The 5th Wave (The 5th Wave #1),Default,11.83,2,5
396,Tell the Wind and Fire,Fantasy,45.51,3,5
395,Tell Me Three Things,Young Adult,41.81,1,5
394,Talking to Girls About Duran Duran: One Young Man's Quest for True Love and a Cooler Haircut,Nonfiction,25.15,4,5
393,Siddhartha,Fiction,34.22,5,5
392,Shiver (The Wolves of Mercy Falls #1),Default,16.23,5,5
391,Remember Me?,Default,11.48,3,5
390,Red Dragon (Hannibal Lecter #1),Horror,23.37,3,5
389,Peak: Secrets from the New Science of Expertise,Science,16.28,2,5
388,My Mother Was Nuts,Nonfiction,31.63,4,5
387,Mexican Today: New and Rediscovered Recipes for Contemporary Kitchens,Food and Drink,24.91,5,5
386,Maybe Something Beautiful: How Art Transformed a Neighborhood,Childrens,22.54,1,5
385,Lola and the Boy Next Door (Anna and the French Kiss #2),Young Adult,23.63,4,5
384,Logan Kade (Fallen Crest High #5.5),Academic,13.12,2,5
383,Last One Home (New Beginnings #1),Fiction,59.98,3,5
382,Killing Floor (Jack Reacher #1),Thriller,31.49,4,5
381,Kill the Boy Band,Young Adult,15.52,5,5
380,Isla and the Happily Ever After (Anna and the French Kiss #3),Young Adult,48.13,5,5
379,If I Stay (If I Stay #1),Default,38.13,5,5
378,I Know Why the Caged Bird Sings (Maya Angelou's Autobiography #1),Default,36.55,2,5
377,Harry Potter and the Deathly Hallows (Harry Potter #7),Default,23.32,1,5
376,"Fruits Basket, Vol. 5 (Fruits Basket #5)",Sequential Art,16.33,1,5
375,Foundation (Foundation (Publication Order) #1),Science Fiction,32.42,1,5
374,Fool Me Once,Default,16.96,1,5
373,Find Her (Detective D.D. Warren #8),Add a comment,22.37,1,5
372,Evicted: Poverty and Profit in the American City,Add a comment,42.27,1,5
371,Drama,Default,38.70,2,5
370,Dracula the Un-Dead,Horror,35.63,5,5
369,Digital Fortress,Fiction,58.00,5,5
368,"Death Note, Vol. 5: Whiteout (Death Note #5)",Sequential Art,52.41,1,5
367,"Data, A Love Story: How I Gamed Online Dating to Meet My Match",Nonfiction,32.35,3,5
366,Critique of Pure Reason,Philosophy,20.75,1,5
365,Booked,Poetry,17.49,5,5
364,"Blue Lily, Lily Blue (The Raven Cycle #3)",Default,34.13,5,5
363,Approval Junkie: Adventures in Caring Too Much,Autobiography,58.81,5,5
362,An Abundance of Katherines,Young Adult,10.00,5,5
361,America's War for the Greater Middle East: A Military History,History,51.22,2,5
360,Alight (The Generations Trilogy #2),Default,58.59,4,5
359,A Girl's Guide to Moving On (New Beginnings #2),Romance,31.30,1,5
358,A Game of Thrones (A Song of Ice and Fire #1),Add a comment,46.42,2,5
357,A Feast for Crows (A Song of Ice and Fire #4),Fantasy,17.21,4,5
356,A Clash of Kings (A Song of Ice and Fire #2),Add a comment,10.79,3,5
355,Vogue Colors A to Z: A Fashion Coloring Book,Default,52.35,4,4
354,The Shining (The Shining #1),Default,27.88,3,4
353,The Pilgrim's Progress,Classics,50.26,2,4
352,The Perfect Play (Play by Play #1),Romance,59.99,3,4
351,The Passion of Dolssa,Historical Fiction,28.32,5,4
350,The Jazz of Physics: The Secret Link Between Music and the Structure of the Universe,Nonfiction,38.71,3,4
349,The Hunger Games (The Hunger Games #1),Default,29.85,5,4
348,The Hound of the Baskervilles (Sherlock Holmes #5),Classics,14.82,2,4
347,The Gunning of America: Business and the Making of American Gun Culture,Nonfiction,16.81,4,4
346,The Geography of Bliss: One Grump's Search for the Happiest Places in the World,Nonfiction,28.23,2,4
345,The Demonists (Demonist #1),Fantasy,52.11,2,4
344,"The Demon Prince of Momochi House, Vol. 4 (The Demon Prince of Momochi House #4)",Sequential Art,27.88,2,4
343,The Bone Hunters (Lexy Vaughan & Steven Macaulay #2),Thriller,59.71,3,4
342,The Beast (Black Dagger Brotherhood #14),Fantasy,46.08,5,4
341,Some Women,Womens Fiction,13.73,5,4
340,Shopaholic Ties the Knot (Shopaholic #3),Womens Fiction,48.39,5,4
339,Paper and Fire (The Great Library #2),Fantasy,49.45,5,4
338,Outlander (Outlander #1),Default,19.67,5,4
337,"Orchestra of Exiles: The Story of Bronislaw Huberman, the Israel Philharmonic, and the One Thousand Jews He Saved from Nazi Horrors",Music,12.36,3,4
336,No One Here Gets Out Alive,Music,20.02,5,4
335,Night Shift (Night Shift #1-20),Horror,12.75,4,4
334,Needful Things,Horror,47.51,4,4
333,Mockingjay (The Hunger Games #3),Default,20.44,4,4
332,Misery,Horror,34.79,2,4
331,Little Women (Little Women #1),Classics,28.07,4,4
330,It,Horror,25.01,3,4
329,Harry Potter and the Sorcerer's Stone (Harry Potter #1),Default,13.90,3,4
328,Harry Potter and the Prisoner of Azkaban (Harry Potter #3),Young Adult,24.17,4,4
327,Harry Potter and the Order of the Phoenix (Harry Potter #5),Fantasy,31.63,4,4
326,Harry Potter and the Half-Blood Prince (Harry Potter #6),Fantasy,48.75,5,4
325,Harry Potter and the Chamber of Secrets (Harry Potter #2),Fantasy,14.74,1,4
324,Gone with the Wind,Classics,32.49,3,4
323,God Is Not Great: How Religion Poisons Everything,Nonfiction,27.80,1,4
322,Girl With a Pearl Earring,Historical Fiction,26.77,1,4
321,"Fruits Basket, Vol. 4 (Fruits Basket #4)",Sequential Art,50.44,4,4
320,Far From True (Promise Falls Trilogy #2),Thriller,34.93,2,4
319,Dark Lover (Black Dagger Brotherhood #1),Romance,12.87,1,4
318,Confessions of a Shopaholic (Shopaholic #1),Default,48.94,2,4
317,Changing the Game (Play by Play #2),Romance,13.38,3,4
316,Candide,Classics,58.63,3,4
315,Can You Keep a Secret?,Womens Fiction,21.94,1,4
314,Atlas Shrugged,Fiction,26.58,5,4
313,Animal Farm,Classics,57.22,3,4
312,A Walk to Remember,Romance,56.43,1,4
311,A New Earth: Awakening to Your Life's Purpose,Spirituality,55.65,5,4
310,"A History of God: The 4,000-Year Quest of Judaism, Christianity, and Islam",Religion,27.62,1,4
309,'Salem's Lot,Horror,49.56,4,4
308,Zero History (Blue Ant #3),Default,34.77,1,3
307,Wuthering Heights,Classics,17.73,3,3
306,World War Z: An Oral History of the Zombie War,Default,21.80,1,3
305,Wild: From Lost to Found on the Pacific Crest Trail,Default,46.02,3,3
304,"Where'd You Go, Bernadette",Default,18.13,1,3
303,When You Are Engulfed in Flames,Humor,30.89,5,3
302,We the People: The Modern-Day Figures Who Have Reshaped and Affirmed the Founding Fathers' Vision of America,Nonfiction,31.95,3,3
301,We Are All Completely Beside Ourselves,Contemporary,24.04,1,3
300,Walk the Edge (Thunder Road #2),Young Adult,32.36,3,3
299,Voyager (Outlander #3),Historical Fiction,21.07,5,3
298,Very Good Lives: The Fringe Benefits of Failure and the Importance of Imagination,Nonfiction,50.66,3,3
297,Vegan Vegetarian Omnivore: Dinner for Everyone at the Table,Food and Drink,13.66,2,3
296,"Unstuffed: Decluttering Your Home, Mind, and Soul",Nonfiction,58.09,1,3
295,Under the Banner of Heaven: A Story of Violent Faith,Nonfiction,30.00,1,3
294,Two Boys Kissing,Young Adult,32.74,2,3
293,Twilight (Twilight #1),Default,41.93,2,3
292,Twenties Girl,Womens Fiction,42.80,2,3
291,"Trespassing Across America: One Man's Epic, Never-Done-Before (and Sort of Illegal) Hike Across the Heartland",Nonfiction,53.51,1,3
290,Three-Martini Lunch,Fiction,23.21,3,3
289,"Thinking, Fast and Slow",Psychology,21.14,1,3
288,The Wild Robot,Childrens,56.07,3,3
287,"The Wicked + The Divine, Vol. 3: Commercial Suicide (The Wicked + The Divine)",Sequential Art,14.41,3,3
286,The Undomestic Goddess,Womens Fiction,45.75,4,3
285,The Travelers,Thriller,15.77,1,3
284,The Tipping Point: How Little Things Can Make a Big Difference,Add a comment,10.02,2,3
283,The Thing About Jellyfish,Childrens,48.77,1,3
282,The Stand,Horror,57.86,2,3
281,The Smitten Kitchen Cookbook,Food and Drink,23.59,1,3
280,The Silkworm (Cormoran Strike #2),Mystery,23.05,5,3
279,"The Sandman, Vol. 3: Dream Country (The Sandman (volumes) #3)",Sequential Art,55.55,5,3
278,The Rose & the Dagger (The Wrath and the Dawn #2),Fantasy,58.64,4,3
277,The Road to Little Dribbling: Adventures of an American in Britain (Notes From a Small Island #2),Travel,23.21,1,3
276,The Rise of Theodore Roosevelt (Theodore Roosevelt #1),Biography,42.57,3,3
275,The Restaurant at the End of the Universe (Hitchhiker's Guide to the Galaxy #2),Science Fiction,10.92,1,3
274,The Rest Is Noise: Listening to the Twentieth Century,Add a comment,34.77,1,3
273,The Red Tent,Historical Fiction,35.66,5,3
272,The Purpose Driven Life: What on Earth Am I Here for?,Add a comment,37.19,3,3
271,The Purest Hook (Second Circle Tattoos #3),Romance,12.25,1,3
270,The Picture of Dorian Gray,Classics,29.70,2,3
269,The Paris Wife,Default,36.80,3,3
268,The Obsession,Romance,45.43,1,3
267,The Nightingale,Fiction,26.26,4,3
266,The New Guy (and Other Senior Year Distractions),Young Adult,44.92,3,3
265,The Nanny Diaries (Nanny #1),Womens Fiction,52.53,5,3
264,The Name of God is Mercy,Nonfiction,37.25,2,3
263,The Maze Runner (The Maze Runner #1),Default,20.93,1,3
262,The Lover's Dictionary,Default,58.09,2,3
261,The Lonely Ones,Childrens,43.59,5,3
260,The Lean Startup: How Today's Entrepreneurs Use Continuous Innovation to Create Radically Successful Businesses,Business,33.92,3,3
259,The Last Painting of Sara de Vos,Historical Fiction,55.55,2,3
258,"The Land of 10,000 Madonnas",Young Adult,29.64,4,3
257,The Infinities,Fiction,27.41,1,3
256,The Husband's Secret,Fiction,52.51,5,3
255,The Hitchhiker's Guide to the Galaxy (Hitchhiker's Guide to the Galaxy #1),Add a comment,47.80,3,3
254,The Guns of August,History,14.54,2,3
253,The Guernsey Literary and Potato Peel Pie Society,Historical Fiction,49.53,1,3
252,The Goldfinch,Default,43.58,3,3
251,The Giver (The Giver Quartet #1),Default,12.30,1,3
250,The Girl with All the Gifts,Horror,49.47,3,3
249,The Girl Who Played with Fire (Millennium Trilogy #2),Default,22.14,2,3
248,The Girl Who Kicked the Hornet's Nest (Millennium Trilogy #3),Add a comment,57.48,1,3
247,The Exiled,Mystery,43.45,3,3
246,"The End of Faith: Religion, Terror, and the Future of Reason",Add a comment,22.13,4,3
245,"The Elegant Universe: Superstrings, Hidden Dimensions, and the Quest for the Ultimate Theory",Science,13.03,4,3
244,"The Disappearing Spoon: And Other True Tales of Madness, Love, and the History of the World from the Periodic Table of the Elements",Science,57.35,5,3
243,The Devil Wears Prada (The Devil Wears Prada #1),Womens Fiction,44.29,1,3
242,The Demon-Haunted World: Science as a Candle in the Dark,Default,52.25,4,3
241,The Day the Crayons Came Home (Crayons),Childrens,26.33,5,3
240,The Da Vinci Code (Robert Langdon #2),Fiction,22.96,2,3
239,The Cuckoo's Calling (Cormoran Strike #1),Mystery,19.21,1,3
238,The Complete Stories and Poems (The Works of Edgar Allan Poe [Cameo Edition]),Classics,26.78,4,3
237,The Complete Poems,Add a comment,41.32,5,3
236,The Catcher in the Rye,Add a comment,24.55,1,3
235,The Cat in the Hat (Beginner Books B-1),Childrens,16.26,2,3
234,The Case for Christ (Cases for Christianity),Add a comment,47.84,1,3
233,The Book Thief,Default,53.49,2,3
232,The Book of Basketball: The NBA According to The Sports Guy,Sports and Games,44.84,5,3
231,The Blind Side: Evolution of a Game,Add a comment,53.71,5,3
230,The Autobiography of Malcolm X,Default,23.43,2,3
229,"The Art of Simple Food: Notes, Lessons, and Recipes from a Delicious Revolution",Food and Drink,34.32,3,3
228,The Art of Fielding,Fiction,22.10,1,3
227,"Surely You're Joking, Mr. Feynman!: Adventures of a Curious Character",Science,25.83,2,3
226,Stiff: The Curious Lives of Human Cadavers,Nonfiction,36.74,3,3
225,Spilled Milk: Based on a True Story,Nonfiction,49.51,1,3
224,Something Borrowed (Darcy & Rachel #1),Womens Fiction,48.96,5,3
223,Something Blue (Darcy & Rachel #2),Womens Fiction,54.62,1,3
222,Soldier (Talon #3),Fantasy,24.72,2,3
221,Shopaholic & Baby (Shopaholic #5),Default,46.45,2,3
220,Seven Days in the Art World,Add a comment,52.33,2,3
219,Seven Brief Lessons on Physics,Science,30.60,4,3
218,Scarlet (The Lunar Chronicles #2),Young Adult,14.57,4,3
217,Sarah's Key,Add a comment,46.29,1,3
216,"Saga, Volume 3 (Saga (Collected Editions) #3)",Sequential Art,21.57,5,3
215,Running with Scissors,Autobiography,12.91,4,3
214,Rogue Lawyer (Rogue Lawyer #1),Add a comment,50.11,3,3
213,"Rise of the Rocket Girls: The Women Who Propelled Us, from Missiles to the Moon to Mars",Nonfiction,41.67,4,3
212,Rework,Business,44.88,2,3
211,Reservations for Two,Romance,11.10,3,3
210,Red: The True Story of Red Riding Hood,Childrens,28.54,3,3
209,Ready Player One,Science Fiction,19.07,4,3
208,Quiet: The Power of Introverts in a World That Can't Stop Talking,Default,43.55,1,3
207,Prodigy: The Graphic Novel (Legend: The Graphic Novel #2),Sequential Art,43.63,3,3
206,Persepolis: The Story of a Childhood (Persepolis #1-2),Sequential Art,39.13,1,3
205,Packing for Mars: The Curious Science of Life in the Void,Default,56.68,2,3
204,Outliers: The Story of Success,Nonfiction,14.16,1,3
203,Original Fake,Sequential Art,31.45,3,3
202,Orange Is the New Black,Default,24.61,2,3
201,One for the Money (Stephanie Plum #1),Default,32.87,2,3
200,Notes from a Small Island (Notes From a Small Island #1),Nonfiction,40.17,1,3
199,Night (The Night Trilogy #1),Nonfiction,13.51,1,3
198,Neither Here nor There: Travels in Europe,Travel,38.95,3,3
197,Naked,Humor,31.69,3,3
196,Morning Star (Red Rising #3),Default,29.40,1,3
195,"Miracles from Heaven: A Little Girl, Her Journey to Heaven, and Her Amazing Story of Healing",Nonfiction,57.83,1,3
194,Midnight Riot (Peter Grant/ Rivers of London - books #1),Fantasy,55.46,2,3
193,Me Talk Pretty One Day,Autobiography,57.60,2,3
192,Manuscript Found in Accra,Add a comment,34.98,2,3
191,Lust & Wonder,Autobiography,11.87,2,3
190,Lila (Gilead #3),Fiction,12.47,3,3
189,"Life, the Universe and Everything (Hitchhiker's Guide to the Galaxy #3)",Science Fiction,33.26,2,3
188,Life Without a Recipe,Autobiography,59.04,5,3
187,Life After Life,Default,26.13,2,3
186,Letter to a Christian Nation,Nonfiction,22.20,1,3
185,Let's Pretend This Never Happened: A Mostly True Memoir,Nonfiction,45.11,1,3
184,Legend (Legend #1),Young Adult,43.69,4,3
183,"Lean In: Women, Work, and the Will to Lead",Default,25.02,1,3
182,"Lamb: The Gospel According to Biff, Christ's Childhood Pal",Humor,55.50,5,3
181,Lady Renegades (Rebel Belle #3),Young Adult,53.04,5,3
180,Jurassic Park (Jurassic Park #1),Fiction,44.97,1,3
179,It's Never Too Late to Begin Again: Discovering Creativity and Meaning at Midlife and Beyond,Nonfiction,42.38,1,3
178,Is Everyone Hanging Out Without Me? (And Other Concerns),Default,20.11,3,3
177,Into the Wild,Nonfiction,56.70,5,3
176,Inferno (Robert Langdon #4),Fiction,41.00,5,3
175,"In the Garden of Beasts: Love, Terror, and an American Family in Hitler's Berlin",Nonfiction,28.85,3,3
174,If I Run (If I Run #1),Christian Fiction,49.97,4,3
173,I've Got Your Number,Womens Fiction,19.69,1,3
172,I Am Malala: The Girl Who Stood Up for Education and Was Shot by the Taliban,Nonfiction,28.88,2,3
171,Hungry Girl Clean & Hungry: Easy All-Natural Recipes for Healthy Eating in the Real World,Food and Drink,33.14,3,3
170,"House of Lost Worlds: Dinosaurs, Dynasties, and the Story of Life on Earth",History,43.70,2,3
169,House of Leaves,Horror,54.89,1,3
168,Horrible Bear!,Childrens,37.52,2,3
167,Holidays on Ice,Humor,51.07,2,3
166,Heir to the Sky,Fantasy,44.07,4,3
165,Green Eggs and Ham (Beginner Books B-16),Childrens,10.79,4,3
164,"Grayson, Vol 3: Nemesis (Grayson #3)",Sequential Art,42.72,1,3
163,Gratitude,Nonfiction,26.66,5,3
162,Gone Girl,Default,37.60,5,3
161,Golden (Heart of Dread #3),Young Adult,42.21,4,3
160,Girl in the Blue Coat,Historical Fiction,46.83,2,3
159,"Fruits Basket, Vol. 3 (Fruits Basket #3)",Sequential Art,45.17,2,3
158,"Friday Night Lights: A Town, a Team, and a Dream",Sports and Games,51.22,3,3
157,Fire Bound (Sea Haven/Sisters of the Heart #5),Add a comment,21.28,4,3
156,Fifty Shades Freed (Fifty Shades #3),Adult Fiction,15.36,5,3
155,Fellside,Default,38.62,1,3
154,Extreme Prey (Lucas Davenport #26),Mystery,25.40,3,3
153,Eragon (The Inheritance Cycle #1),Fantasy,43.87,3,3
152,Eclipse (Twilight #3),Default,18.74,1,3
151,Dune (Dune #1),Science Fiction,54.86,1,3
150,Dracula,Default,52.62,3,3
149,Do Androids Dream of Electric Sheep? (Blade Runner #1),Science Fiction,51.48,1,3
148,Disrupted: My Misadventure in the Start-Up Bubble,Nonfiction,15.28,5,3
147,Dead Wake: The Last Crossing of the Lusitania,Default,39.24,5,3
146,"David and Goliath: Underdogs, Misfits, and the Art of Battling Giants",Default,17.81,1,3
145,Darkfever (Fever #1),Fantasy,56.02,1,3
144,Dark Places,Default,23.90,5,3
143,Crazy Rich Asians (Crazy Rich Asians #1),Fiction,49.13,5,3
142,Counting Thyme,Childrens,10.62,1,3
141,Cosmos,Add a comment,36.17,2,3
140,Civilization and Its Discontents,Psychology,59.95,2,3
139,Cinder (The Lunar Chronicles #1),Young Adult,26.09,1,3
138,Catastrophic Happiness: Finding Joy in Childhood's Messy Years,Parenting,37.35,2,3
137,Career of Evil (Cormoran Strike #3),Mystery,24.72,2,3
136,Breaking Dawn (Twilight #4),Default,35.28,5,3
135,Brave Enough,Nonfiction,51.32,5,3
134,Boy Meets Boy,Young Adult,21.12,3,3
133,"Born to Run: A Hidden Tribe, Superathletes, and the Greatest Race the World Has Never Seen",Nonfiction,27.35,2,3
132,Blink: The Power of Thinking Without Thinking,Nonfiction,21.74,5,3
131,Black Flags: The Rise of ISIS,Nonfiction,40.87,1,3
130,"Black Butler, Vol. 1 (Black Butler #1)",Sequential Art,49.31,1,3
129,Big Little Lies,Fiction,22.11,1,3
128,Between Shades of Gray,Historical Fiction,20.79,5,3
127,Best of My Love (Fool's Gold #20),Romance,27.41,2,3
126,Beowulf,Classics,38.35,2,3
125,Beautiful Creatures (Caster Chronicles #1),Default,21.55,5,3
124,Awkward,Sequential Art,38.02,2,3
123,Ash,Fantasy,22.06,4,3
122,Are We There Yet?,Childrens,10.66,3,3
121,Are We Smart Enough to Know How Smart Animals Are?,Nonfiction,56.58,1,3
120,Annie on My Mind,Young Adult,36.83,5,3
119,And Then There Were None,Classics,35.01,2,3
118,A Walk in the Woods: Rediscovering America on the Appalachian Trail,Nonfiction,30.48,4,3
117,A Visit from the Goon Squad,Default,14.08,5,3
116,A Storm of Swords (A Song of Ice and Fire #3),Fantasy,31.22,2,3
115,A Heartbreaking Work of Staggering Genius,Autobiography,54.29,5,3
114,8 Keys to Mental Health Through Exercise,Psychology,31.04,1,3
113,#GIRLBOSS,Add a comment,50.96,1,3
112,"The Suffragettes (Little Black Classics, #96)",Nonfiction,11.89,2,2
111,The Sense of an Ending,Add a comment,31.38,3,2
110,"The Sandman, Vol. 2: The Doll's House (The Sandman (volumes) #2)",Sequential Art,54.81,1,2
109,The Course of Love,Fiction,16.78,3,2
108,Sugar Rush (Offensive Line #2),Sports and Games,24.42,1,2
107,"Saga, Volume 2 (Saga (Collected Editions) #2)",Sequential Art,11.75,3,2
106,"Run, Spot, Run: The Ethics of Keeping Pets",Philosophy,20.02,1,2
105,New Moon (Twilight #2),Young Adult,12.86,4,2
104,Life,Music,31.58,5,2
103,Kindle Paperwhite User's Guide,Nonfiction,34.00,3,2
102,H is for Hawk,Nonfiction,57.42,5,2
101,Girl Online On Tour (Girl Online #2),Young Adult,53.47,1,2
100,"Fruits Basket, Vol. 2 (Fruits Basket #2)",Sequential Art,11.64,5,2
99,Diary of a Minecraft Zombie Book 1: A Scare of a Dare (An Unofficial Minecraft Book),Childrens,52.88,4,2
98,"Y: The Last Man, Vol. 1: Unmanned (Y: The Last Man #1)",Sequential Art,18.51,4,1
97,While You Were Mine,Historical Fiction,41.32,5,1
96,Where Lightning Strikes (Bleeding Stars #3),Romance,39.77,3,1
95,When I'm Gone,Fiction,51.96,3,1
94,Ways of Seeing,Art,39.51,5,1
93,"Vampire Knight, Vol. 1 (Vampire Knight #1)",Paranormal,15.40,1,1
92,Vampire Girl (Vampire Girl #1),Fantasy,53.82,2,1
91,Twenty Love Poems and a Song of Despair,Poetry,30.95,4,1
90,Travels with Charley: In Search of America,Nonfiction,57.82,5,1
89,Three Wishes (River of Time: California #1),Science Fiction,44.18,2,1
88,This One Moment (Pushing Limits #1),Romance,48.71,1,1
87,The Zombie Room,Default,19.69,5,1
86,"The Wicked + The Divine, Vol. 1: The Faust Act (The Wicked + The Divine)",Sequential Art,36.52,2,1
85,The Tumor,Nonfiction,41.56,5,1
84,The Story of Hong Gildong,Classics,43.19,4,1
83,The Silent Wife,Fiction,12.34,5,1
82,The Silent Twin (Detective Jennifer Knight #3),Fantasy,36.25,3,1
81,The Selfish Gene,Science,29.45,1,1
80,The Secret Healer,Historical Fiction,34.56,3,1
79,"The Sandman, Vol. 1: Preludes and Nocturnes (The Sandman (volumes) #1)",Sequential Art,54.12,3,1
78,The Republic,Add a comment,33.78,3,1
77,The Odyssey,Add a comment,29.64,3,1
76,The No. 1 Ladies' Detective Agency (No. 1 Ladies' Detective Agency #1),Mystery,57.70,4,1
75,The Nicomachean Ethics,Philosophy,36.34,1,1
74,The Name of the Wind (The Kingkiller Chronicle #1),Default,50.59,3,1
73,The Mirror & the Maze (The Wrath and the Dawn #1.5),Fantasy,29.38,1,1
72,The Little Prince,Classics,45.42,2,1
71,The Light of the Fireflies,Add a comment,54.43,1,1
70,The Last Girl (The Dominion Trilogy #1),Science Fiction,36.26,2,1
69,The Iliad,Add a comment,16.16,1,1
68,The Hook Up (Game On #1),New Adult,36.29,5,1
67,The Haters,Young Adult,27.89,5,1
66,The Girl You Lost,Mystery,12.29,5,1
65,The Girl In The Ice (DCI Erika Foster #1),Mystery,15.85,3,1
64,The End of the Jesus Era (An Investigation #1),Nonfiction,14.40,1,1
63,The Edge of Reason (Bridget Jones #2),Womens Fiction,19.18,4,1
62,The Complete Maus (Maus #1-2),Sequential Art,10.64,3,1
61,The Communist Manifesto,Add a comment,14.76,3,1
60,The Bhagavad Gita,Religion,57.49,3,1
59,The Bette Davis Club,Fiction,30.66,3,1
58,The Art of Not Breathing,Young Adult,40.83,4,1
57,Taking Shots (Assassins #1),Default,18.88,2,1
56,Starlark,Historical Fiction,25.83,3,1
55,"Skip Beat!, Vol. 01 (Skip Beat! #1)",Sequential Art,42.12,3,1
54,Sister Sable (The Mad Queen #1),Fantasy,13.33,3,1
53,Shatter Me (Shatter Me #1),Default,42.40,1,1
52,Shameless,New Adult,58.35,3,1
51,Shadow Rites (Jane Yellowrock #10),Fantasy,21.72,4,1
50,Settling the Score (The Summer Games #1),Sports and Games,44.91,2,1
49,Sense and Sensibility,Classics,37.46,1,1
48,"Saga, Volume 1 (Saga (Collected Editions) #1)",Sequential Art,28.48,1,1
47,"Rhythm, Chord & Malykhin",Romance,28.34,2,1
46,"Rat Queens, Vol. 1: Sass & Sorcery (Rat Queens (Collected Editions) #1-5)",Sequential Art,46.96,5,1
45,Paradise Lost (Paradise #1),Default,24.96,1,1
44,"Paper Girls, Vol. 1 (Paper Girls #1-5)",Sequential Art,21.71,4,1
43,"Ouran High School Host Club, Vol. 1 (Ouran High School Host Club #1)",Sequential Art,29.87,3,1
42,Origins (Alphas 0.5),Fantasy,28.99,1,1
41,One Second (Seven #7),Fantasy,52.94,2,1
40,On the Road (Duluoz Legend),Default,32.36,3,1
39,Old Records Never Die: One Man's Quest for His Vinyl and His Past,Music,55.66,2,1
38,Off Sides (Off #1),New Adult,39.45,5,1
37,Of Mice and Men,Classics,47.11,2,1
36,Myriad (Prentor #1),Fantasy,58.75,4,1
35,My Perfect Mistake (Over the Top #1),Romance,38.92,2,1
34,"Ms. Marvel, Vol. 1: No Normal (Ms. Marvel (2014-2015) #1)",Sequential Art,39.39,4,1
33,Meditations,Philosophy,25.89,2,1
32,Matilda,Childrens,28.34,1,1
31,Lost Among the Living,Historical Fiction,27.70,4,1
30,Lord of the Flies,Add a comment,24.89,3,1
29,Listen to Me (Fusion #1),Romance,58.99,3,1
28,Kitchens of the Great Midwest,Fiction,57.20,5,1
27,Jane Eyre,Default,38.43,5,1
26,Imperfect Harmony,Romance,34.74,4,1
25,Icing (Aces Hockey #2),Sports and Games,40.44,4,1
24,"Hawkeye, Vol. 1: My Life as a Weapon (Hawkeye #1)",Sequential Art,45.24,3,1
23,Having the Barbarian's Baby (Ice Planet Barbarians #7.5),Science Fiction,34.96,4,1
22,"Giant Days, Vol. 1 (Giant Days #1-4)",Sequential Art,56.76,4,1
21,"Fruits Basket, Vol. 1 (Fruits Basket #1)",Sequential Art,40.28,5,1
20,Frankenstein,Default,38.00,2,1
19,Forever Rockers (The Rocker #12),Music,28.80,3,1
18,Fighting Fate (Fighting #6),Romance,39.24,3,1
17,Emma,Classics,32.93,2,1
16,"Eat, Pray, Love",Nonfiction,51.32,3,1
15,Deep Under (Walker Security #1),Romance,47.09,5,1
14,Choosing Our Religion: The Spiritual Lives of America's Nones,Religion,28.42,4,1
13,Charlie and the Chocolate Factory (Charlie Bucket #1),Childrens,22.85,3,1
12,Charity's Cross (Charles Towne Belles #4),Romance,41.24,1,1
11,Bright Lines,Fiction,39.07,5,1
10,Bridget Jones's Diary (Bridget Jones #1),Womens Fiction,29.82,1,1
9,Bounty (Colorado Mountain #7),Romance,37.26,4,1
8,Blood Defense (Samantha Brinkman #1),Mystery,20.30,3,1
7,"Bleach, Vol. 1: Strawberry and the Soul Reapers (Bleach #1)",Sequential Art,34.65,5,1
6,Beyond Good and Evil,Philosophy,43.38,1,1
5,Alice in Wonderland (Alice's Adventures in Wonderland #1),Classics,55.53,1,1
4,"Ajin: Demi-Human, Volume 1 (Ajin: Demi-Human #1)",Sequential Art,57.06,4,1
3,A Spy's Devotion (The Regency Spies of London #1),Historical Fiction,16.97,5,1
2,1st to Die (Women's Murder Club #1),Mystery,53.98,1,1
1,"1,000 Places to See Before You Die",Travel,26.08,5,1
